{"Movies":[{"Id":"ffc09b52-6dc2-4433-9a28-2523bde8d9e5","Title":"Agent 47","Genre":["Action","Suspense"],"Description":"A Programmed man is tasked to protect at all cost. He does all it takes...","Director":"Aleksander Bach","Actors":["David Bateson","Rupert Friend","Hannah Ware","Zachary Quinto","Michaela Caspar","Ciaran Hinds","Rolf Kanies","Mona Pirzad","Janice Koh","Charlene Beck"],"Rating":"87%"},{"Id":"98f8dc40-a502-4e05-b371-d5eeec7dfd70","Title":"Agent 49","Genre":["Action","Suspense"],"Description":"A Programmed man is tasked to protect at all cost. He does all it takes...","Director":"Aleksander Bach","Actors":["David Bateson","Rupert Friend","Hannah Ware","Zachary Quinto","Michaela Caspar","Ciaran Hinds","Rolf Kanies","Mona Pirzad","Janice Koh","Charlene Beck"],"Rating":"87%"}]}